{
  "peace_right": {
    "hand_type": "Right",
    "left_landmarks": null,
    "right_landmarks": [
      [
        0.0,
        0.0,
        0.0
      ],
      [
        -0.1443047355297712,
        -0.3600645080009871,
        0.05993306462174819
      ],
      [
        -0.3432330434680726,
        -0.6386448430720916,
        0.054636656340813536
      ],
      [
        -0.6135901431583936,
        -0.8676824621301168,
        0.051124016350164204
      ],
      [
        -0.835340573095245,
        -1.0018417916227096,
        0.04820540896382331
      ],
      [
        -0.9045324448971014,
        -0.40908203075656135,
        -0.04983809145439639
      ],
      [
        -1.3880487275535356,
        -0.38757120333260114,
        0.02869209253437574
      ],
      [
        -1.396357259799951,
        -0.4204981092185206,
        0.12538048603858137
      ],
      [
        -1.312326917537156,
        -0.45035992434237815,
        0.2016735751896689
      ],
      [
        -0.9789374604278719,
        -0.1990228678119657,
        -0.0455120496015041
      ],
      [
        -1.3843005864387494,
        -0.2437105132503842,
        0.09743838108460999
      ],
      [
        -1.262790376862765,
        -0.27282627026896367,
        0.21053894930436673
      ],
      [
        -1.1178472656960927,
        -0.29049719490481657,
        0.2624183073384581
      ],
      [
        -0.9638638446484435,
        0.0016015354929391286,
        -0.01630828496071033
      ],
      [
        -1.276364157258277,
        -0.06746499623147856,
        0.13443531761444233
      ],
      [
        -1.1648405317275814,
        -0.10645222512261078,
        0.25745147760698955
      ],
      [
        -1.0160650439668282,
        -0.10854103343392216,
        0.3010251498398422
      ],
      [
        -0.909342068838603,
        0.19260225239015852,
        0.01933148520377782
      ],
      [
        -1.200313028008411,
        0.11999300605200708,
        0.1587781047037735
      ],
      [
        -1.1273329718799618,
        0.06650106445810454,
        0.2881676604873376
      ],
      [
        -1.022564973894913,
        0.053851269113826934,
        0.36722089686912807
      ]
    ],
    "left_features": null,
    "right_features": [
      0.6116561166988055,
      0.4808932468570729,
      0.34997798679619474,
      0.3399365522305635,
      0.3912777841104738,
      0.9874141265756555,
      -0.45063331247096566,
      -0.44014213435508753,
      -0.3211653732425924,
      0.00018639182916908463,
      0.5531610879420956,
      0.10900488375971121,
      0.15630730941732257,
      0.16184423155267674,
      -1.0018417916227096,
      -0.45035992434237815,
      -0.29049719490481657,
      -0.10854103343392216,
      0.053851269113826934
    ],
    "combined_features": [
      0.0,
      0.0,
      0.0,
      0.0,
      0.0,
      0.0,
      0.0,
      0.0,
      0.0,
      0.0,
      0.0,
      0.0,
      0.0,
      0.0,
      0.0,
      0.0,
      0.0,
      0.0,
      0.0,
      0.6116561166988055,
      0.4808932468570729,
      0.34997798679619474,
      0.3399365522305635,
      0.3912777841104738,
      0.9874141265756555,
      -0.45063331247096566,
      -0.44014213435508753,
      -0.3211653732425924,
      0.00018639182916908463,
      0.5531610879420956,
      0.10900488375971121,
      0.15630730941732257,
      0.16184423155267674,
      -1.0018417916227096,
      -0.45035992434237815,
      -0.29049719490481657,
      -0.10854103343392216,
      0.053851269113826934,
      0.0,
      0.0,
      0.0,
      0.0,
      0.0,
      0.0,
      0.0,
      0.0,
      0.0,
      0.0
    ],
    "image_path": "templates/peace_right.jpg"
  }
}